"","x"
"1","Y Combinator"
"2","Techstars"
"3","500 Startups"
"4","AngelPad"
"5","DreamIT Ventures"
"6","The Alchemist Accelerator"
"7","Seedcamp"
"8","Mucker Lab"
"9","Amplify.LA"
"10","NFX"
"11","Flashpoint"
"12","RockHealth"
"13","Upwest Labs"
"14","Imagine K12"
"15","Boost VC"
"16","FounderFuel"
"17","Springboard"
"18","LaunchpadLA"
"19","Microsoft Ventures Accelerator Tel Aviv"
"20","Orange Fab"
"21","New York Digital Health Accelerator"
"22","NYC SeedStart"
"23","fbFund"
"24","Capital Innovators"
"25","Portland Incubator Experiment"
"26","gener8tor"
"27","Blueprint Health"
"28","HAXLR8R"
"29","Excelerate Labs"
"30","Startmate"
"31","Code for America Accelerator"
"32","Capital Factory"
"33","The Brandery"
"34","Nxtp.labs"
"35","Seedrocket"
"36","SynBio axlr8r"
"37","Entrepreneurs Roundtable Accelerator"
"38","Healthbox"
"39","Chinaccelerator"
"40","Startupbootcamp"
"41","SparkLabs"
"42","Blue Startups"
"43","Portland Seed Fund"
"44","SixThirty"
"45","Betaspring"
"46","Rockstart Accelerator"
"47","AlphaLab"
"48","The Yield Lab"
"49","ImpactEngine"
"50","Axel Springer Plug and Play"
"51","Acceleprise"
"52","ignite100"
"53","Bethnal Green Ventures"
"54","Media Camp"
"55","UpTech"
"56","Mergelane"
"57","i/o ventures"
"58","Highline"
"59","SURGE"
"60","Tech Wildcatters"
"61","Bizdom"
"62","Flashstarts"
"63","Le Camping"
"64","JumpStartFoundry"
"65","Emerge Venture Lab"
"66","StartFast Venture Accelerator"
"67","JFDI.Asia"
"68","SeedStartup"
"69","Highway1"
"70","Wayra"
"71","InnoSpring"
"72","Accelerate Baltimore"
"73","LaunchBox Digital"
"74","Melbourne Accelerator Program"
"75","Hub Ventures"
"76","Telluride Venture Accelerator"
"77","Matter."
"78","Lighthouse Labs"
"79","K5Launch"
"80","iVentures10"
"81","SeedSumo"
"82","9Mile Labs"
"83","ProSiebenSat.1 Accelerator"
"84","OpenFund"
"85","Propeller Venture Accelerator"
"86","Momentum"
"87","Iowa Startup Accelerator"
"88","10-xcelerator"
"89","Eleven Startup Accelerator"
"90","StartEngine"
"91","88mph"
"92","LAUNCH incubator"
"93","Jolt"
"94","Velocity Indiana Accelerator"
"95","Oxygen Accelerator"
"96","Startup Wise Guys"
"97","AccelFoods"
"98","StartupReykjavik"
"99","Tumml"
"100","Straight Shot"
"101","LearnLaunchX"
"102","StartupYard"
"103","Spark Lab KC"
"104","LightningLab"
"105","Prosper Capital Accelerator"
"106","LAUNCHub"
"107","Extreme University"
"108","Springboard - Internet of Things"
"109","autoXLR8R"
"110","Communitech Hyperdrive"
"111","Triangle Startup Factory"
"112","Seed Hatchery"
"113","Difference Engine"
"114","GammaRebels"
"115","LaunchHouse"
"116","StartupHighway"
"117","XLerateHealth"
"118","The Iron Yard"
"119","Global Insurance Accelerator"
"120","innovyz start"
"121","Pushstart Accelerator"
"122","angelcube"
"123","Desai Accelerator"
"124","buildit"
"125","Project Skyway"
"126","BoomStartup"
"127","TLabs"
"128","The Ark"
"129","ZeroTo510"
"130","Socratic Labs"
"131","dotforge accelerator"
"132","GameFounders"
"133","Incubate"
"134","Women Innovate Mobile"
"135","BootupLabs"
"136","TexDrive"
"137","33entrepreneurs"
"138","NMotion"
"139","Flat6 Labs"
"140","betaFactory"
"141","Shotput Ventures"
"142","GazelleLab"
"143","Hatch"
"144","Metavallon"
"145","Searchcamp"
"146","Upstart Memphis"
"147","HugeThing"
"148","Summer @ Highland"
"149","NDRC (LaunchPad / VentureLab)"
"150","IDC Elevator"
"151","NextStart"
"152","Oasis 500"
"153","H-Farm Ventures"
"154","HackFWD"
"155","Startl"
"156","YEurope"
"157","iAccelerator"
"158","The Morpheus"
"159","Umbono"
"160","Brooklyn Beta Summer Camp"
"161","Incubate Miami"
"162","Innov8 for Health"
"163","Plug and Play Startup Camp"
"164","Seeqnce"
"165","Plarium Labs"
"166","Venturegeeks"
"167","VictorySpark"
"168","Co.Lab accelerator"
"169","CoLabs"
"170","VentureHive"
"171","Tandem"
"172","MindTheBridge"
"173","Lean Launch Ventures"
"174","XLR8HI"
"175","The Bakery"
"176","Fortify Ventures"
"177","LaunchPad Long Island"
"178","Think Big Partners Accelerator"
"179","Sparkgap"
"180","JLAB (John Lewis)"
"181","Female Propeller for High Flyers"
"182","Arizona Furnace"
"183","Black Forest Accelerator"
"184","i360accelerator"
"185","NextHIT"
"186","emerge Xcelerate"
"187","Illumina Accelerator Program"
"188","XTRATOS"
"189","TopSeedsLab"
"190","Open Education Challenge"
"191","YC Start Fund"
"192","The Accelerator Group"
"193","Accelerator Ventures"
"194","MaRS Investment Accelerator Fund"
"195","Low Carbon Accelerator"
"196","Naiot Venture Accelerator"
"197","Atlas Accelerator"
"198","Siemens Technology Accelerator"
"199","Brain Trust Accelerator Fund"
"200","RAD BioMed Accelerator"
"201","Venture Accelerator"
"202","Citrix Startup Accelerator"
"203","Accelerator Corp."
"204","Chinaccelerator"
"205","Veturi Venture Accelerator"
"206","Alchemist Accelerator"
"207","AZ Furnace Accelerator"
"208","Propeller Venture Accelerator"
"209","StartOK Accelerator Fund"
"210","Berti Green Accelerator"
"211","Accelerator Corporation"
"212","Accelerator Fund"
"213","PLSG Accelerator Fund"
"214","Lanzadera Accelerator"
"215","Plug and Play International Accelerator"
